date,HL01,HL02,HL03,HL04,HL05,HL06,Past10Min,Past1Hr,north_gate_opening_1,north_gate_opening_2,north_gate_opening_3,south_gate_opening_1,south_gate_opening_2,south_gate_opening_3
2024-10-31 09:31:00,1468.0,307.0,729.0,254.0,447.0,503.0,1.5,24.5,1.82865,2.45035,2.44051,2.36857,0.299459,0.0
2024-10-31 09:32:00,1468.0,398.0,729.0,233.0,422.0,476.0,1.5,24.5,1.82865,2.45118,2.44012,2.36857,0.29773,0.0
2024-10-31 09:33:00,1466.0,382.0,705.0,242.0,450.0,478.0,1.5,24.5,1.82865,2.45118,2.44012,2.36857,0.29773,0.0
2024-10-31 09:34:00,1442.0,369.0,689.0,234.0,441.0,452.0,1.5,24.5,1.82694,2.44912,2.43817,2.36857,0.295136,0.0
2024-10-31 09:35:00,1442.0,357.0,667.0,248.0,377.0,428.0,1.5,24.5,1.82694,2.44912,2.43817,2.36857,0.295136,0.0
2024-10-31 09:36:00,1442.0,296.0,646.0,215.0,373.0,414.0,1.5,24.5,1.82637,2.44912,2.43895,2.36857,0.295136,0.0
2024-10-31 09:37:00,1442.0,280.0,647.0,238.0,364.0,420.0,1.5,24.5,1.82637,2.44912,2.43895,2.36857,0.295136,0.0
2024-10-31 09:38:00,1442.0,280.0,627.0,224.0,369.0,421.0,1.5,24.5,1.82637,2.45035,2.43856,2.36857,0.294271,0.0
2024-10-31 09:39:00,1356.0,271.0,624.0,223.0,392.0,407.0,1.5,24.5,1.82637,2.45035,2.43856,2.36857,0.294271,0.0
2024-10-31 09:40:00,1304.0,274.0,602.0,235.0,374.0,407.0,2.0,24.5,1.82751,2.44953,2.43856,2.36857,0.293406,0.0
2024-10-31 09:41:00,1304.0,256.0,591.0,212.0,356.0,387.0,2.0,24.5,1.82637,2.44953,2.43856,2.36857,0.293406,0.0
2024-10-31 09:42:00,1304.0,241.0,574.0,242.0,309.0,412.0,2.0,24.5,1.82637,2.44953,2.43778,2.36857,0.293406,0.0
2024-10-31 09:43:00,1304.0,230.0,574.0,203.0,354.0,431.0,2.0,24.5,1.82637,2.44953,2.43778,2.36857,0.293406,0.0
2024-10-31 09:44:00,1253.0,218.0,574.0,246.0,353.0,436.0,2.0,24.5,1.82637,2.44871,2.43895,2.36857,0.29081,0.0
2024-10-31 09:45:00,1224.0,213.0,566.0,241.0,286.0,437.0,2.0,24.5,1.82637,2.44871,2.43895,2.36857,0.29081,0.0
2024-10-31 09:46:00,1429.0,135.0,563.0,190.0,321.0,445.0,2.0,24.5,1.82637,2.44871,2.43895,2.36857,0.29081,0.0
2024-10-31 09:47:00,1443.0,176.0,563.0,269.0,332.0,456.0,2.0,24.5,1.82637,2.44871,2.43895,2.36857,0.29081,0.0
2024-10-31 09:48:00,1440.0,199.0,566.0,232.0,358.0,463.0,2.0,24.5,1.82808,2.44871,2.43895,2.36857,0.29081,0.0
2024-10-31 09:49:00,1426.0,167.0,560.0,260.0,338.0,471.0,2.0,24.5,1.82808,2.45035,2.43934,2.36857,0.29081,0.0
2024-10-31 09:50:00,1423.0,174.0,587.0,271.0,357.0,493.0,4.0,27.5,1.82922,2.45159,2.43934,2.36857,0.29081,0.0
2024-10-31 09:51:00,1406.0,150.0,591.0,241.0,361.0,512.0,4.0,27.5,1.82922,2.45159,2.44012,2.36857,0.29081,0.0
2024-10-31 09:52:00,1405.0,142.0,602.0,262.0,414.0,486.0,4.0,27.5,1.82922,2.45118,2.44051,2.36857,0.293406,0.0
2024-10-31 09:53:00,1399.0,148.0,609.0,251.0,435.0,533.0,4.0,27.5,1.82922,2.45118,2.44051,2.36857,0.293406,0.0
2024-10-31 09:54:00,1396.0,169.0,633.0,205.0,418.0,576.0,4.0,27.5,1.82865,2.45035,2.43973,2.36857,0.291675,0.0
2024-10-31 09:55:00,1393.0,105.0,639.0,255.0,426.0,567.0,4.0,27.5,1.82865,2.45035,2.43973,2.36857,0.291675,0.0
2024-10-31 09:56:00,1402.0,147.0,656.0,252.0,433.0,593.0,4.0,27.5,1.82694,2.44953,2.43973,2.36857,0.291675,0.0
2024-10-31 09:57:00,1402.0,60.0,659.0,234.0,447.0,585.0,4.0,27.5,1.82694,2.44953,2.43973,2.36857,0.291675,0.0
2024-10-31 09:58:00,1402.0,81.0,647.0,250.0,430.0,578.0,4.0,27.5,1.82808,2.45035,2.44051,2.36857,0.289944,0.0
2024-10-31 09:59:00,1374.0,89.0,676.0,248.0,414.0,570.0,4.0,27.5,1.82808,2.45035,2.44051,2.36857,0.289944,0.0
2024-10-31 10:00:00,1392.0,123.0,679.0,217.0,391.0,542.0,4.0,22.0,1.82808,2.45118,2.43973,2.36857,0.293406,0.0
2024-10-31 10:01:00,1403.0,102.0,662.0,221.0,429.0,575.0,4.0,22.0,1.82751,2.45035,2.43973,2.36857,0.296001,0.0
2024-10-31 10:02:00,1397.0,108.0,657.0,285.0,439.0,634.0,4.0,22.0,1.82751,2.45035,2.43934,2.36857,0.296001,0.0
2024-10-31 10:03:00,1396.0,102.0,668.0,286.0,403.0,669.0,4.0,22.0,1.82865,2.45035,2.43934,2.36857,0.296001,0.0
2024-10-31 10:04:00,1402.0,85.0,648.0,308.0,470.0,746.0,4.0,22.0,1.82865,2.45035,2.43934,2.36857,0.296001,0.0
2024-10-31 10:05:00,1186.0,184.0,696.0,323.0,486.0,734.0,4.0,22.0,1.82865,2.45118,2.44128,2.36857,0.299459,0.0
2024-10-31 10:06:00,1371.0,220.0,696.0,289.0,515.0,821.0,4.0,22.0,1.82922,2.45118,2.44128,2.36857,0.299459,0.0
2024-10-31 10:07:00,1427.0,218.0,759.0,334.0,528.0,867.0,4.0,22.0,1.82922,2.45118,2.44012,2.36857,0.327889,0.0
2024-10-31 10:08:00,1443.0,235.0,822.0,338.0,469.0,865.0,4.0,22.0,1.82751,2.45035,2.44012,2.36857,0.321013,0.0
2024-10-31 10:09:00,1473.0,219.0,832.0,260.0,464.0,908.0,4.0,22.0,1.82751,2.45035,2.44012,2.36857,0.321013,0.0
2024-10-31 10:10:00,1485.0,234.0,852.0,326.0,444.0,919.0,5.5,22.0,1.82865,2.45077,2.44051,2.36857,0.31671,0.0
2024-10-31 10:11:00,1495.0,198.0,856.0,294.0,360.0,922.0,5.5,22.0,1.82865,2.45077,2.44051,2.36857,0.31671,0.0
2024-10-31 10:12:00,1430.0,223.0,866.0,279.0,421.0,921.0,5.5,22.0,1.82865,2.45077,2.44051,2.36857,0.308955,0.0
2024-10-31 10:13:00,1504.0,198.0,866.0,280.0,421.0,898.0,5.5,22.0,1.82865,2.45282,2.44322,2.36857,0.308955,0.0
2024-10-31 10:14:00,1504.0,222.0,896.0,273.0,477.0,880.0,5.5,22.0,1.82808,2.45077,2.44012,2.36857,0.305504,0.0
2024-10-31 10:15:00,1527.0,239.0,871.0,296.0,474.0,886.0,5.5,22.0,1.82808,2.45077,2.44012,2.36857,0.305504,0.0
2024-10-31 10:16:00,1381.0,237.0,875.0,250.0,333.0,834.0,5.5,22.0,1.82808,2.45077,2.43973,2.36857,0.306367,0.0
2024-10-31 10:17:00,1381.0,174.0,854.0,260.0,453.0,791.0,5.5,22.0,1.82808,2.45077,2.43973,2.36857,0.306367,0.0
2024-10-31 10:18:00,1393.0,264.0,832.0,271.0,453.0,740.0,5.5,22.0,1.82922,2.45077,2.44089,2.36857,0.303778,0.0
2024-10-31 10:19:00,1355.0,243.0,832.0,276.0,504.0,721.0,5.5,22.0,1.82922,2.45077,2.44089,2.36857,0.302914,0.0
2024-10-31 10:20:00,1503.0,250.0,825.0,259.0,504.0,689.0,1.5,18.5,1.82922,2.45077,2.44089,2.36857,0.302914,0.0
2024-10-31 10:21:00,1503.0,266.0,820.0,231.0,504.0,648.0,1.5,18.5,1.82865,2.45077,2.44089,2.36857,0.306367,0.0
2024-10-31 10:22:00,1401.0,241.0,769.0,246.0,508.0,632.0,1.5,18.5,1.82865,2.45077,2.44089,2.36857,0.306367,0.0
2024-10-31 10:23:00,1479.0,268.0,768.0,259.0,447.0,559.0,1.5,18.5,1.82865,2.45159,2.44051,2.36857,0.306367,0.0
2024-10-31 10:24:00,1479.0,269.0,762.0,233.0,412.0,569.0,1.5,18.5,1.82865,2.45159,2.44051,2.36857,0.314126,0.0
2024-10-31 10:25:00,1380.0,310.0,735.0,260.0,444.0,571.0,1.5,18.5,1.82865,2.45159,2.44051,2.36857,0.314126,0.0
2024-10-31 10:26:00,1325.0,275.0,735.0,295.0,447.0,560.0,1.5,18.5,1.82979,2.45118,2.44089,2.36857,0.314126,0.0
2024-10-31 10:27:00,1439.0,253.0,732.0,285.0,481.0,587.0,1.5,18.5,1.82979,2.45118,2.44089,2.36857,0.314126,0.0
2024-10-31 10:28:00,1364.0,324.0,743.0,303.0,464.0,637.0,1.5,18.5,1.82865,2.45159,2.44051,2.36857,0.321873,0.0
2024-10-31 10:29:00,1364.0,329.0,753.0,308.0,455.0,673.0,1.5,18.5,1.82865,2.45159,2.44051,2.36857,0.321873,0.0
2024-10-31 10:30:00,1353.0,283.0,740.0,297.0,455.0,762.0,8.5,25.5,1.82808,2.45118,2.44128,2.36857,0.324452,0.0
2024-10-31 10:31:00,1362.0,350.0,769.0,326.0,468.0,800.0,8.5,25.5,1.82808,2.45118,2.44128,2.36857,0.324452,0.0
2024-10-31 10:32:00,1379.0,364.0,803.0,295.0,374.0,853.0,8.5,25.5,1.82865,2.452,2.44128,2.36857,0.319292,0.0
2024-10-31 10:33:00,1377.0,342.0,824.0,323.0,450.0,861.0,8.5,25.5,1.82865,2.452,2.44128,2.36891,0.319292,0.0
2024-10-31 10:34:00,1391.0,290.0,880.0,294.0,450.0,896.0,8.5,25.5,1.82865,2.45077,2.44012,2.36857,0.319292,0.0
2024-10-31 10:35:00,1414.0,320.0,868.0,296.0,450.0,901.0,8.5,25.5,1.82865,2.45077,2.44012,2.36857,0.319292,0.0
2024-10-31 10:36:00,1402.0,300.0,893.0,263.0,485.0,877.0,8.5,25.5,1.82865,2.45035,2.44051,2.36891,0.317571,0.0
2024-10-31 10:37:00,1398.0,331.0,883.0,260.0,498.0,871.0,8.5,25.5,1.82808,2.45035,2.44051,2.36857,0.31671,0.0
2024-10-31 10:38:00,1398.0,324.0,876.0,254.0,499.0,826.0,8.5,25.5,1.82808,2.45035,2.44051,2.36857,0.31671,0.0
2024-10-31 10:39:00,1436.0,314.0,866.0,206.0,521.0,786.0,8.5,25.5,1.82808,2.452,2.44012,2.36857,0.31671,0.0
2024-10-31 10:40:00,1436.0,317.0,860.0,251.0,504.0,774.0,1.0,24.5,1.82865,2.452,2.44012,2.36857,0.314988,0.0
2024-10-31 10:41:00,1432.0,331.0,837.0,262.0,491.0,720.0,1.0,24.5,1.82865,2.45077,2.44012,2.36857,0.314988,0.0
2024-10-31 10:42:00,1448.0,351.0,825.0,300.0,465.0,681.0,1.0,24.5,1.82637,2.44994,2.43934,2.36891,0.314988,0.0
2024-10-31 10:43:00,1438.0,349.0,817.0,264.0,516.0,647.0,1.0,24.5,1.82637,2.44994,2.43934,2.36891,0.314988,0.0
2024-10-31 10:44:00,1433.0,325.0,796.0,228.0,511.0,590.0,1.0,24.5,1.82865,2.45118,2.44012,2.36891,0.314126,0.0
2024-10-31 10:45:00,1433.0,268.0,799.0,254.0,325.0,587.0,1.0,24.5,1.82865,2.45118,2.44012,2.36891,0.314126,0.0
2024-10-31 10:46:00,1387.0,247.0,764.0,247.0,325.0,569.0,1.0,24.5,1.82922,2.45077,2.44012,2.36857,0.313265,0.0
2024-10-31 10:47:00,1380.0,332.0,735.0,242.0,414.0,544.0,1.0,24.5,1.82922,2.45077,2.44012,2.36857,0.313265,0.0
2024-10-31 10:48:00,1374.0,324.0,729.0,249.0,414.0,520.0,1.0,24.5,1.82808,2.45118,2.43973,2.36857,0.312403,0.0
2024-10-31 10:49:00,1374.0,337.0,704.0,245.0,449.0,479.0,1.0,24.5,1.82808,2.45118,2.43973,2.36857,0.312403,0.0
2024-10-31 10:50:00,1353.0,314.0,684.0,267.0,418.0,483.0,1.0,21.5,1.82922,2.45159,2.44089,2.36857,0.315849,0.0
2024-10-31 10:51:00,1353.0,288.0,674.0,243.0,402.0,486.0,1.0,21.5,1.82922,2.45159,2.44089,2.36857,0.315849,0.0
2024-10-31 10:52:00,1455.0,275.0,668.0,245.0,402.0,438.0,1.0,21.5,1.82865,2.45241,2.44051,2.36891,0.31671,0.0
2024-10-31 10:53:00,1508.0,267.0,668.0,217.0,362.0,465.0,1.0,21.5,1.82865,2.45241,2.44051,2.36891,0.31671,0.0
2024-10-31 10:54:00,1496.0,252.0,646.0,224.0,362.0,456.0,1.0,21.5,1.82922,2.452,2.43973,2.36891,0.312403,0.0
2024-10-31 10:55:00,1483.0,235.0,649.0,234.0,382.0,457.0,1.0,21.5,1.82922,2.452,2.43973,2.36891,0.312403,0.0
2024-10-31 10:56:00,1467.0,219.0,620.0,237.0,382.0,435.0,1.0,21.5,1.82808,2.45118,2.43973,2.36891,0.311542,0.0
2024-10-31 10:57:00,1456.0,214.0,606.0,211.0,366.0,428.0,1.0,21.5,1.82808,2.45118,2.43973,2.36891,0.311542,0.0
2024-10-31 10:58:00,1441.0,219.0,576.0,235.0,338.0,443.0,1.0,21.5,1.82865,2.45118,2.43973,2.36891,0.314126,0.0
2024-10-31 10:59:00,1442.0,188.0,585.0,192.0,354.0,437.0,1.0,21.5,1.82865,2.45118,2.44012,2.36891,0.314126,0.0
2024-10-31 11:00:00,1450.0,178.0,597.0,212.0,364.0,435.0,3.0,20.5,1.82808,2.45118,2.44012,2.36891,0.314126,0.0
