run_key,dataset,exog,loss,fold,checkpoint,anchoring,mse,rmse,mae,corr,corr_h1,corr_hN,corr_valid_horizons,corr_total_horizons,corr_invalid_reasons,seg_mse_median,seg_mse_p90,n_segments,n_windows,exog_in,exog_cols_actual,input_cols_actual,seq_len,config_hash,plan_id,eval_version,eval_code_hash,persist_mse,improve_mse_pct
drycut__none__mse__f1,drycut,none,mse,1,best_corr,raw,106550.7890625,326.4211730957031,286.29571533203125,0.515386212348308,0.5299428751950183,0.5272871114984011,15,15,,178034.359375,335631.58749999997,15,6240,0,,"HL02,HL03,HL04,HL05,HL06",60,e09734ffddeaf939,d896860175be,v1-corr-skip-constant,2569904e,2664.152587890625,-3899.4251660661403
drycut__none__mse__f1,drycut,none,mse,1,best_corr,anchored,4627.73486328125,68.02745819091797,47.14097213745117,0.9738860485607167,0.999407286147437,0.963328619059616,15,15,,4525.05908203125,5917.3759765625,15,6240,0,,"HL02,HL03,HL04,HL05,HL06",60,e09734ffddeaf939,d896860175be,v1-corr-skip-constant,2569904e,2664.152587890625,-73.70382178241957
drycut__none__mse__f1,drycut,none,mse,1,best_corr,persistence,2664.152587890625,51.61542892456055,22.6044864654541,0.9814154301880902,0.9994072861501734,0.9528790576148803,15,15,,27.88094139099121,4127.38583984375,15,6240,0,,"HL02,HL03,HL04,HL05,HL06",60,e09734ffddeaf939,d896860175be,v1-corr-skip-constant,2569904e,2664.152587890625,0.0
drycut__none__mse__f1,drycut,none,mse,1,best_mse,raw,42870.296875,207.0514373779297,163.39022827148438,0.7488639016423568,0.7441565945762112,0.7341715470403806,15,15,,32898.0703125,86537.34218749999,15,6240,0,,"HL02,HL03,HL04,HL05,HL06",60,e09734ffddeaf939,d896860175be,v1-corr-skip-constant,2569904e,2664.152587890625,-1509.153209536811
drycut__none__mse__f1,drycut,none,mse,1,best_mse,anchored,5747.27294921875,75.8107681274414,54.19462966918945,0.968995197192389,0.9994072861501734,0.9525076964264213,15,15,,6936.71826171875,14891.7119140625,15,6240,0,,"HL02,HL03,HL04,HL05,HL06",60,e09734ffddeaf939,d896860175be,v1-corr-skip-constant,2569904e,2664.152587890625,-115.72611776599564
drycut__none__mse__f1,drycut,none,mse,1,best_mse,persistence,2664.152587890625,51.61542892456055,22.6044864654541,0.9814154301880902,0.9994072861501734,0.9528790576148803,15,15,,27.88094139099121,4127.38583984375,15,6240,0,,"HL02,HL03,HL04,HL05,HL06",60,e09734ffddeaf939,d896860175be,v1-corr-skip-constant,2569904e,2664.152587890625,0.0
drycut__none__mse__f2,drycut,none,mse,2,best_corr,raw,50109.078125,223.85057067871094,167.04148864746094,0.7842274645707873,0.7802654935160659,0.7745309770070463,15,15,,54209.953125,137889.659375,15,6240,0,,"HL02,HL03,HL04,HL05,HL06",60,962f564910a5de99,d896860175be,v1-corr-skip-constant,2569904e,2664.152587890625,-1780.86366947452
drycut__none__mse__f2,drycut,none,mse,2,best_corr,anchored,3416.37060546875,58.44972610473633,37.235626220703125,0.9826519580999867,0.9994072860812558,0.9610050096226836,15,15,,4792.16845703125,9895.638476562499,15,6240,0,,"HL02,HL03,HL04,HL05,HL06",60,962f564910a5de99,d896860175be,v1-corr-skip-constant,2569904e,2664.152587890625,-28.23479484610537
drycut__none__mse__f2,drycut,none,mse,2,best_corr,persistence,2664.152587890625,51.61542892456055,22.6044864654541,0.9814154281540636,0.9994072860812558,0.952879052485856,15,15,,27.880929946899414,4127.38583984375,15,6240,0,,"HL02,HL03,HL04,HL05,HL06",60,962f564910a5de99,d896860175be,v1-corr-skip-constant,2569904e,2664.152587890625,0.0
drycut__none__mse__f2,drycut,none,mse,2,best_mse,raw,61205.88671875,247.3982391357422,185.8059539794922,0.7720086416191226,0.7723448629007323,0.7592324654758722,15,15,,75283.1328125,189444.20312499997,15,6240,0,,"HL02,HL03,HL04,HL05,HL06",60,962f564910a5de99,d896860175be,v1-corr-skip-constant,2569904e,2664.152587890625,-2197.386681113881
drycut__none__mse__f2,drycut,none,mse,2,best_mse,anchored,2729.12060546875,52.24098587036133,32.96767044067383,0.9852856208350907,0.9994072860812558,0.9664885171299796,15,15,,3544.656982421875,7025.352929687499,15,6240,0,,"HL02,HL03,HL04,HL05,HL06",60,962f564910a5de99,d896860175be,v1-corr-skip-constant,2569904e,2664.152587890625,-2.438599721105472
drycut__none__mse__f2,drycut,none,mse,2,best_mse,persistence,2664.152587890625,51.61542892456055,22.6044864654541,0.9814154281540636,0.9994072860812558,0.952879052485856,15,15,,27.880929946899414,4127.38583984375,15,6240,0,,"HL02,HL03,HL04,HL05,HL06",60,962f564910a5de99,d896860175be,v1-corr-skip-constant,2569904e,2664.152587890625,0.0
drycut__none__mse__f3,drycut,none,mse,3,best_corr,raw,32516.81640625,180.32420349121094,124.47728729248047,0.8132378419673822,0.826524314387671,0.7920845549033545,15,15,,8986.9658203125,53209.39296875,15,6240,0,,"HL02,HL03,HL04,HL05,HL06",60,0f8591dca43a7a1b,d896860175be,v1-corr-skip-constant,2569904e,2664.15283203125,-1120.5311953315365
drycut__none__mse__f3,drycut,none,mse,3,best_corr,anchored,2413.496337890625,49.127349853515625,29.57533073425293,0.9860600204165836,0.9994072861062238,0.969506458529668,15,15,,1967.585693359375,3661.0197265624993,15,6240,0,,"HL02,HL03,HL04,HL05,HL06",60,0f8591dca43a7a1b,d896860175be,v1-corr-skip-constant,2569904e,2664.15283203125,9.40848779870917
drycut__none__mse__f3,drycut,none,mse,3,best_corr,persistence,2664.15283203125,51.61543273925781,22.6044864654541,0.9814154294379127,0.9994072861062238,0.9528790557356601,15,15,,27.88093376159668,4127.38583984375,15,6240,0,,"HL02,HL03,HL04,HL05,HL06",60,0f8591dca43a7a1b,d896860175be,v1-corr-skip-constant,2569904e,2664.15283203125,0.0
drycut__none__mse__f3,drycut,none,mse,3,best_mse,raw,49290.88671875,222.0155029296875,165.8546905517578,0.7915151104788704,0.8035369900923875,0.7761017523336802,15,15,,56966.05078125,143956.065625,15,6240,0,,"HL02,HL03,HL04,HL05,HL06",60,0f8591dca43a7a1b,d896860175be,v1-corr-skip-constant,2569904e,2664.15283203125,-1750.1523683672751
drycut__none__mse__f3,drycut,none,mse,3,best_mse,anchored,3112.54150390625,55.790157318115234,32.91447067260742,0.9836326444731268,0.9994072861062238,0.9642275730175291,15,15,,1585.1724853515625,4488.369433593749,15,6240,0,,"HL02,HL03,HL04,HL05,HL06",60,0f8591dca43a7a1b,d896860175be,v1-corr-skip-constant,2569904e,2664.15283203125,-16.830441049927742
drycut__none__mse__f3,drycut,none,mse,3,best_mse,persistence,2664.15283203125,51.61543273925781,22.6044864654541,0.9814154294379127,0.9994072861062238,0.9528790557356601,15,15,,27.88093376159668,4127.38583984375,15,6240,0,,"HL02,HL03,HL04,HL05,HL06",60,0f8591dca43a7a1b,d896860175be,v1-corr-skip-constant,2569904e,2664.15283203125,0.0
drycut__none__huber__f1,drycut,none,huber,1,best_corr,raw,85432.984375,292.2892150878906,221.2904510498047,0.7287438152168503,0.7239438816443161,0.715319997570968,15,15,,99916.8828125,247748.68124999997,15,6240,0,,"HL02,HL03,HL04,HL05,HL06",60,6701effe4cb17830,d896860175be,v1-corr-skip-constant,2569904e,2664.152587890625,-3106.760181954991
drycut__none__huber__f1,drycut,none,huber,1,best_corr,anchored,5873.99267578125,76.64197540283203,56.878231048583984,0.9762823260019661,0.9994072861476986,0.9663818218546086,15,15,,8509.4619140625,13694.866796875,15,6240,0,,"HL02,HL03,HL04,HL05,HL06",60,6701effe4cb17830,d896860175be,v1-corr-skip-constant,2569904e,2664.152587890625,-120.48259181851347
drycut__none__huber__f1,drycut,none,huber,1,best_corr,persistence,2664.152587890625,51.61542892456055,22.6044864654541,0.9814154301880902,0.9994072861501734,0.9528790576148803,15,15,,27.88094139099121,4127.38583984375,15,6240,0,,"HL02,HL03,HL04,HL05,HL06",60,6701effe4cb17830,d896860175be,v1-corr-skip-constant,2569904e,2664.152587890625,0.0
drycut__none__huber__f1,drycut,none,huber,1,best_mse,raw,45265.140625,212.7560577392578,170.40447998046875,0.7446142264603408,0.7411526834012372,0.7292451717468448,15,15,,30518.298828125,60698.194531249996,15,6240,0,,"HL02,HL03,HL04,HL05,HL06",60,6701effe4cb17830,d896860175be,v1-corr-skip-constant,2569904e,2664.152587890625,-1599.0445979236956
drycut__none__huber__f1,drycut,none,huber,1,best_mse,anchored,8627.8916015625,92.88644409179688,68.44457244873047,0.9674636912473253,0.9994072861501734,0.9467190898944194,15,15,,13477.45703125,24782.54140625,15,6240,0,,"HL02,HL03,HL04,HL05,HL06",60,6701effe4cb17830,d896860175be,v1-corr-skip-constant,2569904e,2664.152587890625,-223.85125539651384
drycut__none__huber__f1,drycut,none,huber,1,best_mse,persistence,2664.152587890625,51.61542892456055,22.6044864654541,0.9814154301880902,0.9994072861501734,0.9528790576148803,15,15,,27.88094139099121,4127.38583984375,15,6240,0,,"HL02,HL03,HL04,HL05,HL06",60,6701effe4cb17830,d896860175be,v1-corr-skip-constant,2569904e,2664.152587890625,0.0
drycut__none__huber__f2,drycut,none,huber,2,best_corr,raw,53519.77734375,231.34341430664062,172.05892944335938,0.7789038427921422,0.7746231284163653,0.7695184179127154,15,15,,58227.2578125,169141.80937499998,15,6240,0,,"HL02,HL03,HL04,HL05,HL06",60,edfadfca18bdc426,d896860175be,v1-corr-skip-constant,2569904e,2664.152587890625,-1908.8855866219333
drycut__none__huber__f2,drycut,none,huber,2,best_corr,anchored,3282.030029296875,57.289005279541016,36.92820358276367,0.9828648618986001,0.9994072860812558,0.9624369381644831,15,15,,4752.2490234375,9759.12578125,15,6240,0,,"HL02,HL03,HL04,HL05,HL06",60,edfadfca18bdc426,d896860175be,v1-corr-skip-constant,2569904e,2664.152587890625,-23.192269249692714
drycut__none__huber__f2,drycut,none,huber,2,best_corr,persistence,2664.152587890625,51.61542892456055,22.6044864654541,0.9814154281540636,0.9994072860812558,0.952879052485856,15,15,,27.880929946899414,4127.38583984375,15,6240,0,,"HL02,HL03,HL04,HL05,HL06",60,edfadfca18bdc426,d896860175be,v1-corr-skip-constant,2569904e,2664.152587890625,0.0
drycut__none__huber__f2,drycut,none,huber,2,best_mse,raw,53519.77734375,231.34341430664062,172.05892944335938,0.7789038427921422,0.7746231284163653,0.7695184179127154,15,15,,58227.2578125,169141.80937499998,15,6240,0,,"HL02,HL03,HL04,HL05,HL06",60,edfadfca18bdc426,d896860175be,v1-corr-skip-constant,2569904e,2664.152587890625,-1908.8855866219333
drycut__none__huber__f2,drycut,none,huber,2,best_mse,anchored,3282.030029296875,57.289005279541016,36.92820358276367,0.9828648618986001,0.9994072860812558,0.9624369381644831,15,15,,4752.2490234375,9759.12578125,15,6240,0,,"HL02,HL03,HL04,HL05,HL06",60,edfadfca18bdc426,d896860175be,v1-corr-skip-constant,2569904e,2664.152587890625,-23.192269249692714
drycut__none__huber__f2,drycut,none,huber,2,best_mse,persistence,2664.152587890625,51.61542892456055,22.6044864654541,0.9814154281540636,0.9994072860812558,0.952879052485856,15,15,,27.880929946899414,4127.38583984375,15,6240,0,,"HL02,HL03,HL04,HL05,HL06",60,edfadfca18bdc426,d896860175be,v1-corr-skip-constant,2569904e,2664.152587890625,0.0
drycut__none__huber__f3,drycut,none,huber,3,best_corr,raw,33083.78125,181.8894805908203,126.35102844238281,0.8064224024347845,0.8191608495611521,0.7864258424915264,15,15,,10739.42578125,56401.98046875,15,6240,0,,"HL02,HL03,HL04,HL05,HL06",60,2405a2d7b9e23602,d896860175be,v1-corr-skip-constant,2569904e,2664.15283203125,-1141.8124385445142
drycut__none__huber__f3,drycut,none,huber,3,best_corr,anchored,2115.9677734375,45.99964904785156,26.398605346679688,0.9868925448624194,0.9994072861062238,0.9701826591182756,15,15,,1426.445068359375,3227.251269531249,15,6240,0,,"HL02,HL03,HL04,HL05,HL06",60,2405a2d7b9e23602,d896860175be,v1-corr-skip-constant,2569904e,2664.15283203125,20.576336762774723
drycut__none__huber__f3,drycut,none,huber,3,best_corr,persistence,2664.15283203125,51.61543273925781,22.6044864654541,0.9814154294379127,0.9994072861062238,0.9528790557356601,15,15,,27.88093376159668,4127.38583984375,15,6240,0,,"HL02,HL03,HL04,HL05,HL06",60,2405a2d7b9e23602,d896860175be,v1-corr-skip-constant,2569904e,2664.15283203125,0.0
drycut__none__huber__f3,drycut,none,huber,3,best_mse,raw,47876.58203125,218.8071746826172,159.04580688476562,0.7902696016432534,0.8011939470826002,0.7720718289437728,15,15,,53164.7109375,137341.33125,15,6240,0,,"HL02,HL03,HL04,HL05,HL06",60,2405a2d7b9e23602,d896860175be,v1-corr-skip-constant,2569904e,2664.15283203125,-1697.065898608643
drycut__none__huber__f3,drycut,none,huber,3,best_mse,anchored,2463.58837890625,49.63454818725586,28.535173416137695,0.9854781907428793,0.9994072861062238,0.9683999114246565,15,15,,874.8013916015625,3930.384570312499,15,6240,0,,"HL02,HL03,HL04,HL05,HL06",60,2405a2d7b9e23602,d896860175be,v1-corr-skip-constant,2569904e,2664.15283203125,7.52826379604064
drycut__none__huber__f3,drycut,none,huber,3,best_mse,persistence,2664.15283203125,51.61543273925781,22.6044864654541,0.9814154294379127,0.9994072861062238,0.9528790557356601,15,15,,27.88093376159668,4127.38583984375,15,6240,0,,"HL02,HL03,HL04,HL05,HL06",60,2405a2d7b9e23602,d896860175be,v1-corr-skip-constant,2569904e,2664.15283203125,0.0
drycut__full__mse__f1,drycut,full,mse,1,best_corr,raw,45863.62890625,214.157958984375,145.49356079101562,0.7276429775079315,0.7942981671776757,0.7545525877862955,15,15,,17334.71875,66594.2109375,15,6240,9,"Past10Min,Past1Hr,Now,north_gate_opening_1,north_gate_opening_2,north_gate_opening_3,south_gate_opening_1,south_gate_opening_2,south_gate_opening_3","HL02,HL03,HL04,HL05,HL06",60,5ce5dd30bebbb8dc,d896860175be,v1-corr-skip-constant,2569904e,2664.15283203125,-1621.508929774192
drycut__full__mse__f1,drycut,full,mse,1,best_corr,anchored,7114.03369140625,84.34473419189453,56.95762634277344,0.9699997734642045,0.9994072861500151,0.9681737964606127,15,15,,12890.3857421875,22140.003125,15,6240,9,"Past10Min,Past1Hr,Now,north_gate_opening_1,north_gate_opening_2,north_gate_opening_3,south_gate_opening_1,south_gate_opening_2,south_gate_opening_3","HL02,HL03,HL04,HL05,HL06",60,5ce5dd30bebbb8dc,d896860175be,v1-corr-skip-constant,2569904e,2664.15283203125,-167.0279875040894
drycut__full__mse__f1,drycut,full,mse,1,best_corr,persistence,2664.15283203125,51.61543273925781,22.6044864654541,0.9814154305590475,0.9994072861500151,0.9528790585671569,15,15,,27.880950927734375,4127.38583984375,15,6240,9,"Past10Min,Past1Hr,Now,north_gate_opening_1,north_gate_opening_2,north_gate_opening_3,south_gate_opening_1,south_gate_opening_2,south_gate_opening_3","HL02,HL03,HL04,HL05,HL06",60,5ce5dd30bebbb8dc,d896860175be,v1-corr-skip-constant,2569904e,2664.15283203125,0.0
drycut__full__mse__f1,drycut,full,mse,1,best_mse,raw,45863.62890625,214.157958984375,145.49356079101562,0.7276429775079315,0.7942981671776757,0.7545525877862955,15,15,,17334.71875,66594.2109375,15,6240,9,"Past10Min,Past1Hr,Now,north_gate_opening_1,north_gate_opening_2,north_gate_opening_3,south_gate_opening_1,south_gate_opening_2,south_gate_opening_3","HL02,HL03,HL04,HL05,HL06",60,5ce5dd30bebbb8dc,d896860175be,v1-corr-skip-constant,2569904e,2664.15283203125,-1621.508929774192
drycut__full__mse__f1,drycut,full,mse,1,best_mse,anchored,7114.03369140625,84.34473419189453,56.95762634277344,0.9699997734642045,0.9994072861500151,0.9681737964606127,15,15,,12890.3857421875,22140.003125,15,6240,9,"Past10Min,Past1Hr,Now,north_gate_opening_1,north_gate_opening_2,north_gate_opening_3,south_gate_opening_1,south_gate_opening_2,south_gate_opening_3","HL02,HL03,HL04,HL05,HL06",60,5ce5dd30bebbb8dc,d896860175be,v1-corr-skip-constant,2569904e,2664.15283203125,-167.0279875040894
drycut__full__mse__f1,drycut,full,mse,1,best_mse,persistence,2664.15283203125,51.61543273925781,22.6044864654541,0.9814154305590475,0.9994072861500151,0.9528790585671569,15,15,,27.880950927734375,4127.38583984375,15,6240,9,"Past10Min,Past1Hr,Now,north_gate_opening_1,north_gate_opening_2,north_gate_opening_3,south_gate_opening_1,south_gate_opening_2,south_gate_opening_3","HL02,HL03,HL04,HL05,HL06",60,5ce5dd30bebbb8dc,d896860175be,v1-corr-skip-constant,2569904e,2664.15283203125,0.0
drycut__full__mse__f2,drycut,full,mse,2,best_corr,raw,45215.59765625,212.6396026611328,153.65176391601562,0.7345977826385833,0.7408405341943811,0.7145528304863978,15,15,,48145.0546875,112730.39062499997,15,6240,9,"Past10Min,Past1Hr,Now,north_gate_opening_1,north_gate_opening_2,north_gate_opening_3,south_gate_opening_1,south_gate_opening_2,south_gate_opening_3","HL02,HL03,HL04,HL05,HL06",60,c54a10c52d442560,d896860175be,v1-corr-skip-constant,2569904e,2664.152587890625,-1597.1849833890333
drycut__full__mse__f2,drycut,full,mse,2,best_corr,anchored,3697.3251953125,60.805633544921875,41.00355911254883,0.9806308540533162,0.9994072861112783,0.9641394517035907,15,15,,6035.125,8910.173046875,15,6240,9,"Past10Min,Past1Hr,Now,north_gate_opening_1,north_gate_opening_2,north_gate_opening_3,south_gate_opening_1,south_gate_opening_2,south_gate_opening_3","HL02,HL03,HL04,HL05,HL06",60,c54a10c52d442560,d896860175be,v1-corr-skip-constant,2569904e,2664.152587890625,-38.7805342726222
drycut__full__mse__f2,drycut,full,mse,2,best_corr,persistence,2664.152587890625,51.61542892456055,22.6044864654541,0.9814154288700294,0.9994072861112783,0.9528790542880219,15,15,,27.880918502807617,4127.38583984375,15,6240,9,"Past10Min,Past1Hr,Now,north_gate_opening_1,north_gate_opening_2,north_gate_opening_3,south_gate_opening_1,south_gate_opening_2,south_gate_opening_3","HL02,HL03,HL04,HL05,HL06",60,c54a10c52d442560,d896860175be,v1-corr-skip-constant,2569904e,2664.152587890625,0.0
drycut__full__mse__f2,drycut,full,mse,2,best_mse,raw,45215.59765625,212.6396026611328,153.65176391601562,0.7345977826385833,0.7408405341943811,0.7145528304863978,15,15,,48145.0546875,112730.39062499997,15,6240,9,"Past10Min,Past1Hr,Now,north_gate_opening_1,north_gate_opening_2,north_gate_opening_3,south_gate_opening_1,south_gate_opening_2,south_gate_opening_3","HL02,HL03,HL04,HL05,HL06",60,c54a10c52d442560,d896860175be,v1-corr-skip-constant,2569904e,2664.152587890625,-1597.1849833890333
drycut__full__mse__f2,drycut,full,mse,2,best_mse,anchored,3697.3251953125,60.805633544921875,41.00355911254883,0.9806308540533162,0.9994072861112783,0.9641394517035907,15,15,,6035.125,8910.173046875,15,6240,9,"Past10Min,Past1Hr,Now,north_gate_opening_1,north_gate_opening_2,north_gate_opening_3,south_gate_opening_1,south_gate_opening_2,south_gate_opening_3","HL02,HL03,HL04,HL05,HL06",60,c54a10c52d442560,d896860175be,v1-corr-skip-constant,2569904e,2664.152587890625,-38.7805342726222
drycut__full__mse__f2,drycut,full,mse,2,best_mse,persistence,2664.152587890625,51.61542892456055,22.6044864654541,0.9814154288700294,0.9994072861112783,0.9528790542880219,15,15,,27.880918502807617,4127.38583984375,15,6240,9,"Past10Min,Past1Hr,Now,north_gate_opening_1,north_gate_opening_2,north_gate_opening_3,south_gate_opening_1,south_gate_opening_2,south_gate_opening_3","HL02,HL03,HL04,HL05,HL06",60,c54a10c52d442560,d896860175be,v1-corr-skip-constant,2569904e,2664.152587890625,0.0
drycut__full__mse__f3,drycut,full,mse,3,best_corr,raw,46041.7265625,214.5733642578125,127.40771484375,0.7465679052645028,0.7581374601776448,0.7240752892712957,15,15,,8569.1259765625,83603.75781249999,15,6240,9,"Past10Min,Past1Hr,Now,north_gate_opening_1,north_gate_opening_2,north_gate_opening_3,south_gate_opening_1,south_gate_opening_2,south_gate_opening_3","HL02,HL03,HL04,HL05,HL06",60,b760a6836fa77e34,d896860175be,v1-corr-skip-constant,2569904e,2664.152587890625,-1628.1940520889646
drycut__full__mse__f3,drycut,full,mse,3,best_corr,anchored,2096.241455078125,45.78472900390625,24.087833404541016,0.987668357570646,0.9994072861322046,0.967866547802118,15,15,,447.2742614746094,3156.2967773437495,15,6240,9,"Past10Min,Past1Hr,Now,north_gate_opening_1,north_gate_opening_2,north_gate_opening_3,south_gate_opening_1,south_gate_opening_2,south_gate_opening_3","HL02,HL03,HL04,HL05,HL06",60,b760a6836fa77e34,d896860175be,v1-corr-skip-constant,2569904e,2664.152587890625,21.316764489910486
drycut__full__mse__f3,drycut,full,mse,3,best_corr,persistence,2664.152587890625,51.61542892456055,22.6044864654541,0.9814154296822222,0.9994072861322046,0.9528790563447639,15,15,,27.88093376159668,4127.38583984375,15,6240,9,"Past10Min,Past1Hr,Now,north_gate_opening_1,north_gate_opening_2,north_gate_opening_3,south_gate_opening_1,south_gate_opening_2,south_gate_opening_3","HL02,HL03,HL04,HL05,HL06",60,b760a6836fa77e34,d896860175be,v1-corr-skip-constant,2569904e,2664.152587890625,0.0
drycut__full__mse__f3,drycut,full,mse,3,best_mse,raw,46041.7265625,214.5733642578125,127.40771484375,0.7465679052645028,0.7581374601776448,0.7240752892712957,15,15,,8569.1259765625,83603.75781249999,15,6240,9,"Past10Min,Past1Hr,Now,north_gate_opening_1,north_gate_opening_2,north_gate_opening_3,south_gate_opening_1,south_gate_opening_2,south_gate_opening_3","HL02,HL03,HL04,HL05,HL06",60,b760a6836fa77e34,d896860175be,v1-corr-skip-constant,2569904e,2664.152587890625,-1628.1940520889646
drycut__full__mse__f3,drycut,full,mse,3,best_mse,anchored,2096.241455078125,45.78472900390625,24.087833404541016,0.987668357570646,0.9994072861322046,0.967866547802118,15,15,,447.2742614746094,3156.2967773437495,15,6240,9,"Past10Min,Past1Hr,Now,north_gate_opening_1,north_gate_opening_2,north_gate_opening_3,south_gate_opening_1,south_gate_opening_2,south_gate_opening_3","HL02,HL03,HL04,HL05,HL06",60,b760a6836fa77e34,d896860175be,v1-corr-skip-constant,2569904e,2664.152587890625,21.316764489910486
drycut__full__mse__f3,drycut,full,mse,3,best_mse,persistence,2664.152587890625,51.61542892456055,22.6044864654541,0.9814154296822222,0.9994072861322046,0.9528790563447639,15,15,,27.88093376159668,4127.38583984375,15,6240,9,"Past10Min,Past1Hr,Now,north_gate_opening_1,north_gate_opening_2,north_gate_opening_3,south_gate_opening_1,south_gate_opening_2,south_gate_opening_3","HL02,HL03,HL04,HL05,HL06",60,b760a6836fa77e34,d896860175be,v1-corr-skip-constant,2569904e,2664.152587890625,0.0
drycut__full__huber__f1,drycut,full,huber,1,best_corr,raw,42615.2109375,206.4345245361328,139.83213806152344,0.7332564206950998,0.798266304813873,0.7604856945453635,15,15,,27150.271484375,59527.1125,15,6240,9,"Past10Min,Past1Hr,Now,north_gate_opening_1,north_gate_opening_2,north_gate_opening_3,south_gate_opening_1,south_gate_opening_2,south_gate_opening_3","HL02,HL03,HL04,HL05,HL06",60,bcac50913edc2205,d896860175be,v1-corr-skip-constant,2569904e,2664.15283203125,-1499.578313418625
drycut__full__huber__f1,drycut,full,huber,1,best_corr,anchored,9276.3134765625,96.3136215209961,63.210235595703125,0.9656227447676132,0.9994072861500151,0.9678934108098476,15,15,,19024.052734375,32715.5109375,15,6240,9,"Past10Min,Past1Hr,Now,north_gate_opening_1,north_gate_opening_2,north_gate_opening_3,south_gate_opening_1,south_gate_opening_2,south_gate_opening_3","HL02,HL03,HL04,HL05,HL06",60,bcac50913edc2205,d896860175be,v1-corr-skip-constant,2569904e,2664.15283203125,-248.18998989220492
drycut__full__huber__f1,drycut,full,huber,1,best_corr,persistence,2664.15283203125,51.61543273925781,22.6044864654541,0.9814154305590475,0.9994072861500151,0.9528790585671569,15,15,,27.880950927734375,4127.38583984375,15,6240,9,"Past10Min,Past1Hr,Now,north_gate_opening_1,north_gate_opening_2,north_gate_opening_3,south_gate_opening_1,south_gate_opening_2,south_gate_opening_3","HL02,HL03,HL04,HL05,HL06",60,bcac50913edc2205,d896860175be,v1-corr-skip-constant,2569904e,2664.15283203125,0.0
drycut__full__huber__f1,drycut,full,huber,1,best_mse,raw,42615.2109375,206.4345245361328,139.83213806152344,0.7332564206950998,0.798266304813873,0.7604856945453635,15,15,,27150.271484375,59527.1125,15,6240,9,"Past10Min,Past1Hr,Now,north_gate_opening_1,north_gate_opening_2,north_gate_opening_3,south_gate_opening_1,south_gate_opening_2,south_gate_opening_3","HL02,HL03,HL04,HL05,HL06",60,bcac50913edc2205,d896860175be,v1-corr-skip-constant,2569904e,2664.15283203125,-1499.578313418625
drycut__full__huber__f1,drycut,full,huber,1,best_mse,anchored,9276.3134765625,96.3136215209961,63.210235595703125,0.9656227447676132,0.9994072861500151,0.9678934108098476,15,15,,19024.052734375,32715.5109375,15,6240,9,"Past10Min,Past1Hr,Now,north_gate_opening_1,north_gate_opening_2,north_gate_opening_3,south_gate_opening_1,south_gate_opening_2,south_gate_opening_3","HL02,HL03,HL04,HL05,HL06",60,bcac50913edc2205,d896860175be,v1-corr-skip-constant,2569904e,2664.15283203125,-248.18998989220492
drycut__full__huber__f1,drycut,full,huber,1,best_mse,persistence,2664.15283203125,51.61543273925781,22.6044864654541,0.9814154305590475,0.9994072861500151,0.9528790585671569,15,15,,27.880950927734375,4127.38583984375,15,6240,9,"Past10Min,Past1Hr,Now,north_gate_opening_1,north_gate_opening_2,north_gate_opening_3,south_gate_opening_1,south_gate_opening_2,south_gate_opening_3","HL02,HL03,HL04,HL05,HL06",60,bcac50913edc2205,d896860175be,v1-corr-skip-constant,2569904e,2664.15283203125,0.0
drycut__full__huber__f2,drycut,full,huber,2,best_corr,raw,59574.75390625,244.07940673828125,175.02552795410156,0.6858312262220083,0.6923061439312935,0.6866701779970952,15,15,,71534.6796875,195434.22499999998,15,6240,9,"Past10Min,Past1Hr,Now,north_gate_opening_1,north_gate_opening_2,north_gate_opening_3,south_gate_opening_1,south_gate_opening_2,south_gate_opening_3","HL02,HL03,HL04,HL05,HL06",60,96740dc424c0b5d5,d896860175be,v1-corr-skip-constant,2569904e,2664.152587890625,-2136.161478776973
drycut__full__huber__f2,drycut,full,huber,2,best_corr,anchored,3475.715576171875,58.9552001953125,38.82632827758789,0.9820794597357286,0.999407286111346,0.9536877778801685,15,15,,6122.01416015625,9421.246875,15,6240,9,"Past10Min,Past1Hr,Now,north_gate_opening_1,north_gate_opening_2,north_gate_opening_3,south_gate_opening_1,south_gate_opening_2,south_gate_opening_3","HL02,HL03,HL04,HL05,HL06",60,96740dc424c0b5d5,d896860175be,v1-corr-skip-constant,2569904e,2664.152587890625,-30.462331323290115
drycut__full__huber__f2,drycut,full,huber,2,best_corr,persistence,2664.152587890625,51.61542892456055,22.6044864654541,0.9814154288700294,0.9994072861112783,0.9528790542880219,15,15,,27.880918502807617,4127.38583984375,15,6240,9,"Past10Min,Past1Hr,Now,north_gate_opening_1,north_gate_opening_2,north_gate_opening_3,south_gate_opening_1,south_gate_opening_2,south_gate_opening_3","HL02,HL03,HL04,HL05,HL06",60,96740dc424c0b5d5,d896860175be,v1-corr-skip-constant,2569904e,2664.152587890625,0.0
drycut__full__huber__f2,drycut,full,huber,2,best_mse,raw,63061.25,251.1199951171875,178.923828125,0.6826510145950676,0.6874633295724181,0.685739262794932,15,15,,71485.0546875,216312.14999999997,15,6240,9,"Past10Min,Past1Hr,Now,north_gate_opening_1,north_gate_opening_2,north_gate_opening_3,south_gate_opening_1,south_gate_opening_2,south_gate_opening_3","HL02,HL03,HL04,HL05,HL06",60,96740dc424c0b5d5,d896860175be,v1-corr-skip-constant,2569904e,2664.152587890625,-2267.028461006038
drycut__full__huber__f2,drycut,full,huber,2,best_mse,anchored,3679.007568359375,60.654823303222656,39.924808502197266,0.9812309528866398,0.9994072861103546,0.9507140072609096,15,15,,6807.03564453125,10572.292578125,15,6240,9,"Past10Min,Past1Hr,Now,north_gate_opening_1,north_gate_opening_2,north_gate_opening_3,south_gate_opening_1,south_gate_opening_2,south_gate_opening_3","HL02,HL03,HL04,HL05,HL06",60,96740dc424c0b5d5,d896860175be,v1-corr-skip-constant,2569904e,2664.152587890625,-38.09297504510707
drycut__full__huber__f2,drycut,full,huber,2,best_mse,persistence,2664.152587890625,51.61542892456055,22.6044864654541,0.9814154288700294,0.9994072861112783,0.9528790542880219,15,15,,27.880918502807617,4127.38583984375,15,6240,9,"Past10Min,Past1Hr,Now,north_gate_opening_1,north_gate_opening_2,north_gate_opening_3,south_gate_opening_1,south_gate_opening_2,south_gate_opening_3","HL02,HL03,HL04,HL05,HL06",60,96740dc424c0b5d5,d896860175be,v1-corr-skip-constant,2569904e,2664.152587890625,0.0
drycut__full__huber__f3,drycut,full,huber,3,best_corr,raw,44526.9921875,211.0142059326172,113.67650604248047,0.7173320472563399,0.7262379625799751,0.6971109868432857,15,15,,1603.079345703125,68249.44218749998,15,6240,9,"Past10Min,Past1Hr,Now,north_gate_opening_1,north_gate_opening_2,north_gate_opening_3,south_gate_opening_1,south_gate_opening_2,south_gate_opening_3","HL02,HL03,HL04,HL05,HL06",60,946525d9327ae8dd,d896860175be,v1-corr-skip-constant,2569904e,2664.152587890625,-1571.3379102191284
drycut__full__huber__f3,drycut,full,huber,3,best_corr,anchored,2014.1605224609375,44.879398345947266,23.982688903808594,0.9885287683437797,0.9994072861322046,0.9710481047780513,15,15,,618.5361328125,3167.0792968749993,15,6240,9,"Past10Min,Past1Hr,Now,north_gate_opening_1,north_gate_opening_2,north_gate_opening_3,south_gate_opening_1,south_gate_opening_2,south_gate_opening_3","HL02,HL03,HL04,HL05,HL06",60,946525d9327ae8dd,d896860175be,v1-corr-skip-constant,2569904e,2664.152587890625,24.397704109895844
drycut__full__huber__f3,drycut,full,huber,3,best_corr,persistence,2664.152587890625,51.61542892456055,22.6044864654541,0.9814154296822222,0.9994072861322046,0.9528790563447639,15,15,,27.88093376159668,4127.38583984375,15,6240,9,"Past10Min,Past1Hr,Now,north_gate_opening_1,north_gate_opening_2,north_gate_opening_3,south_gate_opening_1,south_gate_opening_2,south_gate_opening_3","HL02,HL03,HL04,HL05,HL06",60,946525d9327ae8dd,d896860175be,v1-corr-skip-constant,2569904e,2664.152587890625,0.0
drycut__full__huber__f3,drycut,full,huber,3,best_mse,raw,44526.9921875,211.0142059326172,113.67650604248047,0.7173320472563399,0.7262379625799751,0.6971109868432857,15,15,,1603.079345703125,68249.44218749998,15,6240,9,"Past10Min,Past1Hr,Now,north_gate_opening_1,north_gate_opening_2,north_gate_opening_3,south_gate_opening_1,south_gate_opening_2,south_gate_opening_3","HL02,HL03,HL04,HL05,HL06",60,946525d9327ae8dd,d896860175be,v1-corr-skip-constant,2569904e,2664.152587890625,-1571.3379102191284
drycut__full__huber__f3,drycut,full,huber,3,best_mse,anchored,2014.1605224609375,44.879398345947266,23.982688903808594,0.9885287683437797,0.9994072861322046,0.9710481047780513,15,15,,618.5361328125,3167.0792968749993,15,6240,9,"Past10Min,Past1Hr,Now,north_gate_opening_1,north_gate_opening_2,north_gate_opening_3,south_gate_opening_1,south_gate_opening_2,south_gate_opening_3","HL02,HL03,HL04,HL05,HL06",60,946525d9327ae8dd,d896860175be,v1-corr-skip-constant,2569904e,2664.152587890625,24.397704109895844
drycut__full__huber__f3,drycut,full,huber,3,best_mse,persistence,2664.152587890625,51.61542892456055,22.6044864654541,0.9814154296822222,0.9994072861322046,0.9528790563447639,15,15,,27.88093376159668,4127.38583984375,15,6240,9,"Past10Min,Past1Hr,Now,north_gate_opening_1,north_gate_opening_2,north_gate_opening_3,south_gate_opening_1,south_gate_opening_2,south_gate_opening_3","HL02,HL03,HL04,HL05,HL06",60,946525d9327ae8dd,d896860175be,v1-corr-skip-constant,2569904e,2664.152587890625,0.0
old__none__mse__f1,old,none,mse,1,best_corr,raw,68259.7734375,261.2657165527344,228.28294372558594,0.6550017230817964,0.7532556933629365,0.5814088103110462,15,15,,69661.734375,134269.62499999997,19,5523,0,,"HL02,HL03,HL04,HL05,HL06",60,55407356d4287c7d,d896860175be,v1-corr-skip-constant,2569904e,2989.240478515625,-2183.5156263973763
old__none__mse__f1,old,none,mse,1,best_corr,anchored,22990.8046875,151.627197265625,100.32877349853516,0.9067448811222465,0.9993983800329307,0.8356887241853452,15,15,,9413.2119140625,99363.7578125,19,5523,0,,"HL02,HL03,HL04,HL05,HL06",60,55407356d4287c7d,d896860175be,v1-corr-skip-constant,2569904e,2989.240478515625,-669.1186056371283
old__none__mse__f1,old,none,mse,1,best_corr,persistence,2989.240478515625,54.673946380615234,24.723085403442383,0.9804422418260325,0.9993983800329307,0.9503197684805421,15,15,,93.80086517333984,6757.759179687499,19,5523,0,,"HL02,HL03,HL04,HL05,HL06",60,55407356d4287c7d,d896860175be,v1-corr-skip-constant,2569904e,2989.240478515625,0.0
old__none__mse__f1,old,none,mse,1,best_mse,raw,76784.3046875,277.0998229980469,210.92213439941406,0.7300188448195951,0.7142457077873974,0.7178782936355864,15,15,,59375.0546875,227202.2375,19,5523,0,,"HL02,HL03,HL04,HL05,HL06",60,55407356d4287c7d,d896860175be,v1-corr-skip-constant,2569904e,2989.240478515625,-2468.6894460103454
old__none__mse__f1,old,none,mse,1,best_mse,anchored,14952.6669921875,122.28109741210938,86.07532501220703,0.9457654096165912,0.9993983800282025,0.908146859099143,15,15,,8826.7705078125,54498.42421875,19,5523,0,,"HL02,HL03,HL04,HL05,HL06",60,55407356d4287c7d,d896860175be,v1-corr-skip-constant,2569904e,2989.240478515625,-400.21626227986127
old__none__mse__f1,old,none,mse,1,best_mse,persistence,2989.240478515625,54.673946380615234,24.723085403442383,0.9804422418260325,0.9993983800329307,0.9503197684805421,15,15,,93.80086517333984,6757.759179687499,19,5523,0,,"HL02,HL03,HL04,HL05,HL06",60,55407356d4287c7d,d896860175be,v1-corr-skip-constant,2569904e,2989.240478515625,0.0
old__none__mse__f2,old,none,mse,2,best_corr,raw,59215.0,243.34132385253906,180.33169555664062,0.760888391850168,0.7457090632857283,0.7425818297223767,15,15,,51554.734375,149089.99687499998,19,5523,0,,"HL02,HL03,HL04,HL05,HL06",60,fa21f1aa2096f87e,d896860175be,v1-corr-skip-constant,2569904e,2989.240478515625,-1880.9379815907132
old__none__mse__f2,old,none,mse,2,best_corr,anchored,8570.251953125,92.57565307617188,62.1037483215332,0.9671020051510072,0.9993983800483817,0.9639715896340374,15,15,,7038.91552734375,29044.597265624998,19,5523,0,,"HL02,HL03,HL04,HL05,HL06",60,fa21f1aa2096f87e,d896860175be,v1-corr-skip-constant,2569904e,2989.240478515625,-186.70332864556792
old__none__mse__f2,old,none,mse,2,best_corr,persistence,2989.240478515625,54.673946380615234,24.723085403442383,0.9804422418521448,0.9993983800483817,0.9503197685227978,15,15,,93.80088806152344,6757.759179687499,19,5523,0,,"HL02,HL03,HL04,HL05,HL06",60,fa21f1aa2096f87e,d896860175be,v1-corr-skip-constant,2569904e,2989.240478515625,0.0
old__none__mse__f2,old,none,mse,2,best_mse,raw,84574.046875,290.816162109375,213.1762237548828,0.7349044734322905,0.7361646244131754,0.7200687015617717,15,15,,98385.65625,265250.36875,19,5523,0,,"HL02,HL03,HL04,HL05,HL06",60,fa21f1aa2096f87e,d896860175be,v1-corr-skip-constant,2569904e,2989.240478515625,-2729.2821364775964
old__none__mse__f2,old,none,mse,2,best_mse,anchored,3389.765869140625,58.22169494628906,35.951637268066406,0.9840447711875399,0.9993983800483817,0.9665726058204093,15,15,,3127.503662109375,5230.553222656249,19,5523,0,,"HL02,HL03,HL04,HL05,HL06",60,fa21f1aa2096f87e,d896860175be,v1-corr-skip-constant,2569904e,2989.240478515625,-13.398901610749295
old__none__mse__f2,old,none,mse,2,best_mse,persistence,2989.240478515625,54.673946380615234,24.723085403442383,0.9804422418521448,0.9993983800483817,0.9503197685227978,15,15,,93.80088806152344,6757.759179687499,19,5523,0,,"HL02,HL03,HL04,HL05,HL06",60,fa21f1aa2096f87e,d896860175be,v1-corr-skip-constant,2569904e,2989.240478515625,0.0
old__none__mse__f3,old,none,mse,3,best_corr,raw,38028.3203125,195.00851440429688,137.2522430419922,0.7978417308503136,0.8106923721693029,0.7747013863891848,15,15,,9061.75390625,97176.84062499998,19,5523,0,,"HL02,HL03,HL04,HL05,HL06",60,3a39902c9607f9c8,d896860175be,v1-corr-skip-constant,2569904e,2989.240478515625,-1172.1733358630224
old__none__mse__f3,old,none,mse,3,best_corr,anchored,2456.1669921875,49.559730529785156,27.51572608947754,0.9862703004711961,0.9993983800438022,0.9663296405118396,15,15,,388.76483154296875,4594.079003906248,19,5523,0,,"HL02,HL03,HL04,HL05,HL06",60,3a39902c9607f9c8,d896860175be,v1-corr-skip-constant,2569904e,2989.240478515625,17.83307466091971
old__none__mse__f3,old,none,mse,3,best_corr,persistence,2989.240478515625,54.673946380615234,24.723085403442383,0.9804422419340377,0.9993983800438022,0.950319768758165,15,15,,93.80087280273438,6757.759179687499,19,5523,0,,"HL02,HL03,HL04,HL05,HL06",60,3a39902c9607f9c8,d896860175be,v1-corr-skip-constant,2569904e,2989.240478515625,0.0
old__none__mse__f3,old,none,mse,3,best_mse,raw,39947.72265625,199.8692626953125,140.75387573242188,0.7965736513252702,0.8089071714331862,0.7717961226638584,15,15,,11913.5087890625,103455.70624999999,19,5523,0,,"HL02,HL03,HL04,HL05,HL06",60,3a39902c9607f9c8,d896860175be,v1-corr-skip-constant,2569904e,2989.240478515625,-1236.3837049365445
old__none__mse__f3,old,none,mse,3,best_mse,anchored,2428.56982421875,49.280521392822266,28.475984573364258,0.9863406785425308,0.9993983800438022,0.9663839594694065,15,15,,886.4223022460938,4114.206054687498,19,5523,0,,"HL02,HL03,HL04,HL05,HL06",60,3a39902c9607f9c8,d896860175be,v1-corr-skip-constant,2569904e,2989.240478515625,18.75629138326431
old__none__mse__f3,old,none,mse,3,best_mse,persistence,2989.240478515625,54.673946380615234,24.723085403442383,0.9804422419340377,0.9993983800438022,0.950319768758165,15,15,,93.80087280273438,6757.759179687499,19,5523,0,,"HL02,HL03,HL04,HL05,HL06",60,3a39902c9607f9c8,d896860175be,v1-corr-skip-constant,2569904e,2989.240478515625,0.0
old__none__huber__f1,old,none,huber,1,best_corr,raw,101241.0859375,318.1840515136719,279.63623046875,0.5559206889547936,0.677584537308824,0.5316817884942803,15,15,,103719.4296875,230694.51874999996,19,5523,0,,"HL02,HL03,HL04,HL05,HL06",60,8e03098f899a9aa8,d896860175be,v1-corr-skip-constant,2569904e,2989.240478515625,-3286.849825738127
old__none__huber__f1,old,none,huber,1,best_corr,anchored,17549.751953125,132.47547912597656,87.8753890991211,0.9270807626708204,0.9993983800329307,0.9024938898705509,15,15,,10812.3095703125,68636.62812499999,19,5523,0,,"HL02,HL03,HL04,HL05,HL06",60,8e03098f899a9aa8,d896860175be,v1-corr-skip-constant,2569904e,2989.240478515625,-487.0973606593112
old__none__huber__f1,old,none,huber,1,best_corr,persistence,2989.240478515625,54.673946380615234,24.723085403442383,0.9804422418260325,0.9993983800329307,0.9503197684805421,15,15,,93.80086517333984,6757.759179687499,19,5523,0,,"HL02,HL03,HL04,HL05,HL06",60,8e03098f899a9aa8,d896860175be,v1-corr-skip-constant,2569904e,2989.240478515625,0.0
old__none__huber__f1,old,none,huber,1,best_mse,raw,66882.8125,258.61712646484375,201.25048828125,0.7157390080426604,0.6895168043156262,0.7163740105865495,15,15,,54897.6328125,180533.59375,19,5523,0,,"HL02,HL03,HL04,HL05,HL06",60,8e03098f899a9aa8,d896860175be,v1-corr-skip-constant,2569904e,2989.240478515625,-2137.4517199503525
old__none__huber__f1,old,none,huber,1,best_mse,anchored,15760.2041015625,125.5396499633789,85.27406311035156,0.9374599734207514,0.9993983800330157,0.9086837772340501,15,15,,7699.02685546875,63380.690624999996,19,5523,0,,"HL02,HL03,HL04,HL05,HL06",60,8e03098f899a9aa8,d896860175be,v1-corr-skip-constant,2569904e,2989.240478515625,-427.2310546720746
old__none__huber__f1,old,none,huber,1,best_mse,persistence,2989.240478515625,54.673946380615234,24.723085403442383,0.9804422418260325,0.9993983800329307,0.9503197684805421,15,15,,93.80086517333984,6757.759179687499,19,5523,0,,"HL02,HL03,HL04,HL05,HL06",60,8e03098f899a9aa8,d896860175be,v1-corr-skip-constant,2569904e,2989.240478515625,0.0
old__none__huber__f2,old,none,huber,2,best_corr,raw,46823.17578125,216.3866424560547,163.27401733398438,0.761963961712686,0.7578182457812757,0.7469276517180908,15,15,,27982.259765625,134266.88124999998,19,5523,0,,"HL02,HL03,HL04,HL05,HL06",60,31f0015bf82145a6,d896860175be,v1-corr-skip-constant,2569904e,2989.240478515625,-1466.3903964160522
old__none__huber__f2,old,none,huber,2,best_corr,anchored,5636.27783203125,75.07514953613281,49.617069244384766,0.975859288705321,0.9993983800483817,0.9639388376918647,15,15,,4297.4619140625,17022.440625,19,5523,0,,"HL02,HL03,HL04,HL05,HL06",60,31f0015bf82145a6,d896860175be,v1-corr-skip-constant,2569904e,2989.240478515625,-88.55217144758026
old__none__huber__f2,old,none,huber,2,best_corr,persistence,2989.240478515625,54.673946380615234,24.723085403442383,0.9804422418521448,0.9993983800483817,0.9503197685227978,15,15,,93.80088806152344,6757.759179687499,19,5523,0,,"HL02,HL03,HL04,HL05,HL06",60,31f0015bf82145a6,d896860175be,v1-corr-skip-constant,2569904e,2989.240478515625,0.0
old__none__huber__f2,old,none,huber,2,best_mse,raw,72757.7734375,269.7364807128906,197.0831756591797,0.7292478566519365,0.7304547620826972,0.7131419817493203,15,15,,75350.2109375,217298.39687499998,19,5523,0,,"HL02,HL03,HL04,HL05,HL06",60,31f0015bf82145a6,d896860175be,v1-corr-skip-constant,2569904e,2989.240478515625,-2333.9886322437837
old__none__huber__f2,old,none,huber,2,best_mse,anchored,3350.6318359375,57.8846435546875,36.556766510009766,0.9833238839105056,0.9993983800483817,0.967025437037423,15,15,,3292.61181640625,7856.23232421875,19,5523,0,,"HL02,HL03,HL04,HL05,HL06",60,31f0015bf82145a6,d896860175be,v1-corr-skip-constant,2569904e,2989.240478515625,-12.089738514491549
old__none__huber__f2,old,none,huber,2,best_mse,persistence,2989.240478515625,54.673946380615234,24.723085403442383,0.9804422418521448,0.9993983800483817,0.9503197685227978,15,15,,93.80088806152344,6757.759179687499,19,5523,0,,"HL02,HL03,HL04,HL05,HL06",60,31f0015bf82145a6,d896860175be,v1-corr-skip-constant,2569904e,2989.240478515625,0.0
old__none__huber__f3,old,none,huber,3,best_corr,raw,40995.453125,202.4733428955078,143.6492919921875,0.7924355145976303,0.8058055253033377,0.765839133565441,15,15,,13037.4072265625,97316.9421875,19,5523,0,,"HL02,HL03,HL04,HL05,HL06",60,c2e36c0a859d9eca,d896860175be,v1-corr-skip-constant,2569904e,2989.240478515625,-1271.4337611725778
old__none__huber__f3,old,none,huber,3,best_corr,anchored,2008.388671875,44.81504821777344,24.195573806762695,0.9876130400553385,0.9993983800438022,0.9680398038531502,15,15,,329.5091247558594,3901.922167968749,19,5523,0,,"HL02,HL03,HL04,HL05,HL06",60,c2e36c0a859d9eca,d896860175be,v1-corr-skip-constant,2569904e,2989.240478515625,32.812743360403346
old__none__huber__f3,old,none,huber,3,best_corr,persistence,2989.240478515625,54.673946380615234,24.723085403442383,0.9804422419340377,0.9993983800438022,0.950319768758165,15,15,,93.80087280273438,6757.759179687499,19,5523,0,,"HL02,HL03,HL04,HL05,HL06",60,c2e36c0a859d9eca,d896860175be,v1-corr-skip-constant,2569904e,2989.240478515625,0.0
old__none__huber__f3,old,none,huber,3,best_mse,raw,39977.86328125,199.9446563720703,140.1058349609375,0.7941967071857132,0.8069019278822319,0.7707415829423472,15,15,,10829.505859375,102231.04218749999,19,5523,0,,"HL02,HL03,HL04,HL05,HL06",60,c2e36c0a859d9eca,d896860175be,v1-corr-skip-constant,2569904e,2989.240478515625,-1237.3920087253039
old__none__huber__f3,old,none,huber,3,best_mse,anchored,1978.0860595703125,44.47568130493164,24.5226993560791,0.9881447347353169,0.9993983800438022,0.9687539693598517,15,15,,603.7910766601562,3602.2574218749987,19,5523,0,,"HL02,HL03,HL04,HL05,HL06",60,c2e36c0a859d9eca,d896860175be,v1-corr-skip-constant,2569904e,2989.240478515625,33.82646616131145
old__none__huber__f3,old,none,huber,3,best_mse,persistence,2989.240478515625,54.673946380615234,24.723085403442383,0.9804422419340377,0.9993983800438022,0.950319768758165,15,15,,93.80087280273438,6757.759179687499,19,5523,0,,"HL02,HL03,HL04,HL05,HL06",60,c2e36c0a859d9eca,d896860175be,v1-corr-skip-constant,2569904e,2989.240478515625,0.0
old__full__mse__f1,old,full,mse,1,best_corr,raw,51381.7109375,226.6753387451172,165.41575622558594,0.6029519386013847,0.7192023626104754,0.6389648223875147,15,15,,41287.12109375,101351.13593749999,19,5523,9,"Past10Min,Past1Hr,Now,north_gate_opening_1,north_gate_opening_2,north_gate_opening_3,south_gate_opening_1,south_gate_opening_2,south_gate_opening_3","HL02,HL03,HL04,HL05,HL06",60,9439c4ac1c6ceb81,d896860175be,v1-corr-skip-constant,2569904e,2989.240234375,-1618.888644232472
old__full__mse__f1,old,full,mse,1,best_corr,anchored,9127.318359375,95.53700256347656,68.56066131591797,0.9694978356521986,0.9993983800277967,0.9668013390844525,15,15,,7441.3896484375,26095.325,19,5523,9,"Past10Min,Past1Hr,Now,north_gate_opening_1,north_gate_opening_2,north_gate_opening_3,south_gate_opening_1,south_gate_opening_2,south_gate_opening_3","HL02,HL03,HL04,HL05,HL06",60,9439c4ac1c6ceb81,d896860175be,v1-corr-skip-constant,2569904e,2989.240234375,-205.33907092560491
old__full__mse__f1,old,full,mse,1,best_corr,persistence,2989.240234375,54.673946380615234,24.723085403442383,0.9804422411720372,0.9993983800270143,0.9503197670019179,15,15,,93.80084228515625,6757.759179687499,19,5523,9,"Past10Min,Past1Hr,Now,north_gate_opening_1,north_gate_opening_2,north_gate_opening_3,south_gate_opening_1,south_gate_opening_2,south_gate_opening_3","HL02,HL03,HL04,HL05,HL06",60,9439c4ac1c6ceb81,d896860175be,v1-corr-skip-constant,2569904e,2989.240234375,0.0
old__full__mse__f1,old,full,mse,1,best_mse,raw,51381.7109375,226.6753387451172,165.41575622558594,0.6029519386013847,0.7192023626104754,0.6389648223875147,15,15,,41287.12109375,101351.13593749999,19,5523,9,"Past10Min,Past1Hr,Now,north_gate_opening_1,north_gate_opening_2,north_gate_opening_3,south_gate_opening_1,south_gate_opening_2,south_gate_opening_3","HL02,HL03,HL04,HL05,HL06",60,9439c4ac1c6ceb81,d896860175be,v1-corr-skip-constant,2569904e,2989.240234375,-1618.888644232472
old__full__mse__f1,old,full,mse,1,best_mse,anchored,9127.318359375,95.53700256347656,68.56066131591797,0.9694978356521986,0.9993983800277967,0.9668013390844525,15,15,,7441.3896484375,26095.325,19,5523,9,"Past10Min,Past1Hr,Now,north_gate_opening_1,north_gate_opening_2,north_gate_opening_3,south_gate_opening_1,south_gate_opening_2,south_gate_opening_3","HL02,HL03,HL04,HL05,HL06",60,9439c4ac1c6ceb81,d896860175be,v1-corr-skip-constant,2569904e,2989.240234375,-205.33907092560491
old__full__mse__f1,old,full,mse,1,best_mse,persistence,2989.240234375,54.673946380615234,24.723085403442383,0.9804422411720372,0.9993983800270143,0.9503197670019179,15,15,,93.80084228515625,6757.759179687499,19,5523,9,"Past10Min,Past1Hr,Now,north_gate_opening_1,north_gate_opening_2,north_gate_opening_3,south_gate_opening_1,south_gate_opening_2,south_gate_opening_3","HL02,HL03,HL04,HL05,HL06",60,9439c4ac1c6ceb81,d896860175be,v1-corr-skip-constant,2569904e,2989.240234375,0.0
old__full__mse__f2,old,full,mse,2,best_corr,raw,36962.39453125,192.2560577392578,143.07638549804688,0.7644555962634239,0.7766239764697843,0.7583185185362722,15,15,,16378.5390625,95081.825,19,5523,9,"Past10Min,Past1Hr,Now,north_gate_opening_1,north_gate_opening_2,north_gate_opening_3,south_gate_opening_1,south_gate_opening_2,south_gate_opening_3","HL02,HL03,HL04,HL05,HL06",60,e3b7bbbbbdfc224d,d896860175be,v1-corr-skip-constant,2569904e,2989.240478515625,-1136.5145861267247
old__full__mse__f2,old,full,mse,2,best_corr,anchored,3772.92578125,61.42414474487305,40.4188346862793,0.9824306937776729,0.9993983800290088,0.9613656744892045,15,15,,3643.037841796875,8409.0341796875,19,5523,9,"Past10Min,Past1Hr,Now,north_gate_opening_1,north_gate_opening_2,north_gate_opening_3,south_gate_opening_1,south_gate_opening_2,south_gate_opening_3","HL02,HL03,HL04,HL05,HL06",60,e3b7bbbbbdfc224d,d896860175be,v1-corr-skip-constant,2569904e,2989.240478515625,-26.216870417984296
old__full__mse__f2,old,full,mse,2,best_corr,persistence,2989.240478515625,54.673946380615234,24.723085403442383,0.980442240850487,0.9993983800290088,0.950319765973861,15,15,,93.80087280273438,6757.759179687499,19,5523,9,"Past10Min,Past1Hr,Now,north_gate_opening_1,north_gate_opening_2,north_gate_opening_3,south_gate_opening_1,south_gate_opening_2,south_gate_opening_3","HL02,HL03,HL04,HL05,HL06",60,e3b7bbbbbdfc224d,d896860175be,v1-corr-skip-constant,2569904e,2989.240478515625,0.0
old__full__mse__f2,old,full,mse,2,best_mse,raw,36962.39453125,192.2560577392578,143.07638549804688,0.7644555962634239,0.7766239764697843,0.7583185185362722,15,15,,16378.5390625,95081.825,19,5523,9,"Past10Min,Past1Hr,Now,north_gate_opening_1,north_gate_opening_2,north_gate_opening_3,south_gate_opening_1,south_gate_opening_2,south_gate_opening_3","HL02,HL03,HL04,HL05,HL06",60,e3b7bbbbbdfc224d,d896860175be,v1-corr-skip-constant,2569904e,2989.240478515625,-1136.5145861267247
old__full__mse__f2,old,full,mse,2,best_mse,anchored,3772.92578125,61.42414474487305,40.4188346862793,0.9824306937776729,0.9993983800290088,0.9613656744892045,15,15,,3643.037841796875,8409.0341796875,19,5523,9,"Past10Min,Past1Hr,Now,north_gate_opening_1,north_gate_opening_2,north_gate_opening_3,south_gate_opening_1,south_gate_opening_2,south_gate_opening_3","HL02,HL03,HL04,HL05,HL06",60,e3b7bbbbbdfc224d,d896860175be,v1-corr-skip-constant,2569904e,2989.240478515625,-26.216870417984296
old__full__mse__f2,old,full,mse,2,best_mse,persistence,2989.240478515625,54.673946380615234,24.723085403442383,0.980442240850487,0.9993983800290088,0.950319765973861,15,15,,93.80087280273438,6757.759179687499,19,5523,9,"Past10Min,Past1Hr,Now,north_gate_opening_1,north_gate_opening_2,north_gate_opening_3,south_gate_opening_1,south_gate_opening_2,south_gate_opening_3","HL02,HL03,HL04,HL05,HL06",60,e3b7bbbbbdfc224d,d896860175be,v1-corr-skip-constant,2569904e,2989.240478515625,0.0
old__full__mse__f3,old,full,mse,3,best_corr,raw,31763.9921875,178.22454833984375,109.15432739257812,0.802932004649198,0.8045784020518606,0.7931379660492692,15,15,,3264.44189453125,61371.88906249999,19,5523,9,"Past10Min,Past1Hr,Now,north_gate_opening_1,north_gate_opening_2,north_gate_opening_3,south_gate_opening_1,south_gate_opening_2,south_gate_opening_3","HL02,HL03,HL04,HL05,HL06",60,1a018183a15b280a,d896860175be,v1-corr-skip-constant,2569904e,2989.240478515625,-962.6108008303543
old__full__mse__f3,old,full,mse,3,best_corr,anchored,1772.263916015625,42.0982666015625,22.367212295532227,0.9892737307079356,0.9993983800507983,0.9732806715953362,15,15,,397.9622497558594,3221.1653320312485,19,5523,9,"Past10Min,Past1Hr,Now,north_gate_opening_1,north_gate_opening_2,north_gate_opening_3,south_gate_opening_1,south_gate_opening_2,south_gate_opening_3","HL02,HL03,HL04,HL05,HL06",60,1a018183a15b280a,d896860175be,v1-corr-skip-constant,2569904e,2989.240478515625,40.711898933749126
old__full__mse__f3,old,full,mse,3,best_corr,persistence,2989.240478515625,54.673946380615234,24.723085403442383,0.9804422419927034,0.9993983800507983,0.950319768891901,15,15,,93.80088806152344,6757.759179687499,19,5523,9,"Past10Min,Past1Hr,Now,north_gate_opening_1,north_gate_opening_2,north_gate_opening_3,south_gate_opening_1,south_gate_opening_2,south_gate_opening_3","HL02,HL03,HL04,HL05,HL06",60,1a018183a15b280a,d896860175be,v1-corr-skip-constant,2569904e,2989.240478515625,0.0
old__full__mse__f3,old,full,mse,3,best_mse,raw,33073.77734375,181.86196899414062,113.27963256835938,0.8023097784922862,0.8044626457480292,0.7929238085794014,15,15,,3858.0859375,63406.51249999999,19,5523,9,"Past10Min,Past1Hr,Now,north_gate_opening_1,north_gate_opening_2,north_gate_opening_3,south_gate_opening_1,south_gate_opening_2,south_gate_opening_3","HL02,HL03,HL04,HL05,HL06",60,1a018183a15b280a,d896860175be,v1-corr-skip-constant,2569904e,2989.240478515625,-1006.427454781876
old__full__mse__f3,old,full,mse,3,best_mse,anchored,1706.0142822265625,41.303924560546875,21.448406219482422,0.9895506540727769,0.9993983800507983,0.9741816103019377,15,15,,283.8955993652344,3226.5915039062484,19,5523,9,"Past10Min,Past1Hr,Now,north_gate_opening_1,north_gate_opening_2,north_gate_opening_3,south_gate_opening_1,south_gate_opening_2,south_gate_opening_3","HL02,HL03,HL04,HL05,HL06",60,1a018183a15b280a,d896860175be,v1-corr-skip-constant,2569904e,2989.240478515625,42.928168727538356
old__full__mse__f3,old,full,mse,3,best_mse,persistence,2989.240478515625,54.673946380615234,24.723085403442383,0.9804422419927034,0.9993983800507983,0.950319768891901,15,15,,93.80088806152344,6757.759179687499,19,5523,9,"Past10Min,Past1Hr,Now,north_gate_opening_1,north_gate_opening_2,north_gate_opening_3,south_gate_opening_1,south_gate_opening_2,south_gate_opening_3","HL02,HL03,HL04,HL05,HL06",60,1a018183a15b280a,d896860175be,v1-corr-skip-constant,2569904e,2989.240478515625,0.0
old__full__huber__f1,old,full,huber,1,best_corr,raw,49318.0859375,222.07675170898438,147.7216339111328,0.7397988471564875,0.7997978425529927,0.7776082536037183,15,15,,15524.0654296875,121565.46874999999,19,5523,9,"Past10Min,Past1Hr,Now,north_gate_opening_1,north_gate_opening_2,north_gate_opening_3,south_gate_opening_1,south_gate_opening_2,south_gate_opening_3","HL02,HL03,HL04,HL05,HL06",60,fd85dccce924e01f,d896860175be,v1-corr-skip-constant,2569904e,2989.240234375,-1549.8535437320443
old__full__huber__f1,old,full,huber,1,best_corr,anchored,12816.9873046875,113.2121353149414,80.84737396240234,0.9615484456755542,0.999398380044236,0.9696956952737353,15,15,,10804.8359375,38128.284374999996,19,5523,9,"Past10Min,Past1Hr,Now,north_gate_opening_1,north_gate_opening_2,north_gate_opening_3,south_gate_opening_1,south_gate_opening_2,south_gate_opening_3","HL02,HL03,HL04,HL05,HL06",60,fd85dccce924e01f,d896860175be,v1-corr-skip-constant,2569904e,2989.240234375,-328.7707343591044
old__full__huber__f1,old,full,huber,1,best_corr,persistence,2989.240234375,54.673946380615234,24.723085403442383,0.9804422411720372,0.9993983800270143,0.9503197670019179,15,15,,93.80084228515625,6757.759179687499,19,5523,9,"Past10Min,Past1Hr,Now,north_gate_opening_1,north_gate_opening_2,north_gate_opening_3,south_gate_opening_1,south_gate_opening_2,south_gate_opening_3","HL02,HL03,HL04,HL05,HL06",60,fd85dccce924e01f,d896860175be,v1-corr-skip-constant,2569904e,2989.240234375,0.0
old__full__huber__f1,old,full,huber,1,best_mse,raw,49318.0859375,222.07675170898438,147.7216339111328,0.7397988471564875,0.7997978425529927,0.7776082536037183,15,15,,15524.0654296875,121565.46874999999,19,5523,9,"Past10Min,Past1Hr,Now,north_gate_opening_1,north_gate_opening_2,north_gate_opening_3,south_gate_opening_1,south_gate_opening_2,south_gate_opening_3","HL02,HL03,HL04,HL05,HL06",60,fd85dccce924e01f,d896860175be,v1-corr-skip-constant,2569904e,2989.240234375,-1549.8535437320443
old__full__huber__f1,old,full,huber,1,best_mse,anchored,12816.9873046875,113.2121353149414,80.84737396240234,0.9615484456755542,0.999398380044236,0.9696956952737353,15,15,,10804.8359375,38128.284374999996,19,5523,9,"Past10Min,Past1Hr,Now,north_gate_opening_1,north_gate_opening_2,north_gate_opening_3,south_gate_opening_1,south_gate_opening_2,south_gate_opening_3","HL02,HL03,HL04,HL05,HL06",60,fd85dccce924e01f,d896860175be,v1-corr-skip-constant,2569904e,2989.240234375,-328.7707343591044
old__full__huber__f1,old,full,huber,1,best_mse,persistence,2989.240234375,54.673946380615234,24.723085403442383,0.9804422411720372,0.9993983800270143,0.9503197670019179,15,15,,93.80084228515625,6757.759179687499,19,5523,9,"Past10Min,Past1Hr,Now,north_gate_opening_1,north_gate_opening_2,north_gate_opening_3,south_gate_opening_1,south_gate_opening_2,south_gate_opening_3","HL02,HL03,HL04,HL05,HL06",60,fd85dccce924e01f,d896860175be,v1-corr-skip-constant,2569904e,2989.240234375,0.0
old__full__huber__f2,old,full,huber,2,best_corr,raw,45763.859375,213.92489624023438,149.30126953125,0.776836428829265,0.7940482316279954,0.7666568551546025,15,15,,23407.732421875,137393.240625,19,5523,9,"Past10Min,Past1Hr,Now,north_gate_opening_1,north_gate_opening_2,north_gate_opening_3,south_gate_opening_1,south_gate_opening_2,south_gate_opening_3","HL02,HL03,HL04,HL05,HL06",60,9ee5231060c60e69,d896860175be,v1-corr-skip-constant,2569904e,2989.240478515625,-1430.9527521762009
old__full__huber__f2,old,full,huber,2,best_corr,anchored,2287.890380859375,47.8318977355957,30.236984252929688,0.9864641750695792,0.9993983800290088,0.9726712844524477,15,15,,1353.753173828125,3756.2519531249986,19,5523,9,"Past10Min,Past1Hr,Now,north_gate_opening_1,north_gate_opening_2,north_gate_opening_3,south_gate_opening_1,south_gate_opening_2,south_gate_opening_3","HL02,HL03,HL04,HL05,HL06",60,9ee5231060c60e69,d896860175be,v1-corr-skip-constant,2569904e,2989.240478515625,23.46248495887227
old__full__huber__f2,old,full,huber,2,best_corr,persistence,2989.240478515625,54.673946380615234,24.723085403442383,0.980442240850487,0.9993983800290088,0.950319765973861,15,15,,93.80087280273438,6757.759179687499,19,5523,9,"Past10Min,Past1Hr,Now,north_gate_opening_1,north_gate_opening_2,north_gate_opening_3,south_gate_opening_1,south_gate_opening_2,south_gate_opening_3","HL02,HL03,HL04,HL05,HL06",60,9ee5231060c60e69,d896860175be,v1-corr-skip-constant,2569904e,2989.240478515625,0.0
old__full__huber__f2,old,full,huber,2,best_mse,raw,44640.20703125,211.28228759765625,136.15040588378906,0.7332131960952126,0.7572699819369497,0.7287074948516494,15,15,,7603.73583984375,107711.34374999999,19,5523,9,"Past10Min,Past1Hr,Now,north_gate_opening_1,north_gate_opening_2,north_gate_opening_3,south_gate_opening_1,south_gate_opening_2,south_gate_opening_3","HL02,HL03,HL04,HL05,HL06",60,9ee5231060c60e69,d896860175be,v1-corr-skip-constant,2569904e,2989.240478515625,-1393.3628576251954
old__full__huber__f2,old,full,huber,2,best_mse,anchored,3555.908203125,59.63143539428711,42.83224868774414,0.9848762809714273,0.9993983800285334,0.9703754135461911,15,15,,3325.583251953125,4968.485546874999,19,5523,9,"Past10Min,Past1Hr,Now,north_gate_opening_1,north_gate_opening_2,north_gate_opening_3,south_gate_opening_1,south_gate_opening_2,south_gate_opening_3","HL02,HL03,HL04,HL05,HL06",60,9ee5231060c60e69,d896860175be,v1-corr-skip-constant,2569904e,2989.240478515625,-18.956913258807692
old__full__huber__f2,old,full,huber,2,best_mse,persistence,2989.240478515625,54.673946380615234,24.723085403442383,0.980442240850487,0.9993983800290088,0.950319765973861,15,15,,93.80087280273438,6757.759179687499,19,5523,9,"Past10Min,Past1Hr,Now,north_gate_opening_1,north_gate_opening_2,north_gate_opening_3,south_gate_opening_1,south_gate_opening_2,south_gate_opening_3","HL02,HL03,HL04,HL05,HL06",60,9ee5231060c60e69,d896860175be,v1-corr-skip-constant,2569904e,2989.240478515625,0.0
old__full__huber__f3,old,full,huber,3,best_corr,raw,41360.14453125,203.37193298339844,121.661865234375,0.7814331317820009,0.7836321218288037,0.7702603739927143,15,15,,3885.745361328125,85652.228125,19,5523,9,"Past10Min,Past1Hr,Now,north_gate_opening_1,north_gate_opening_2,north_gate_opening_3,south_gate_opening_1,south_gate_opening_2,south_gate_opening_3","HL02,HL03,HL04,HL05,HL06",60,0e693ee9e0331cc0,d896860175be,v1-corr-skip-constant,2569904e,2989.240478515625,-1283.6338972563465
old__full__huber__f3,old,full,huber,3,best_corr,anchored,1791.8636474609375,42.33041000366211,21.59052085876465,0.9886509028469289,0.9993983800507983,0.9701905115301591,15,15,,334.0797119140625,3071.741210937498,19,5523,9,"Past10Min,Past1Hr,Now,north_gate_opening_1,north_gate_opening_2,north_gate_opening_3,south_gate_opening_1,south_gate_opening_2,south_gate_opening_3","HL02,HL03,HL04,HL05,HL06",60,0e693ee9e0331cc0,d896860175be,v1-corr-skip-constant,2569904e,2989.240478515625,40.056222965683645
old__full__huber__f3,old,full,huber,3,best_corr,persistence,2989.240478515625,54.673946380615234,24.723085403442383,0.9804422419927034,0.9993983800507983,0.950319768891901,15,15,,93.80088806152344,6757.759179687499,19,5523,9,"Past10Min,Past1Hr,Now,north_gate_opening_1,north_gate_opening_2,north_gate_opening_3,south_gate_opening_1,south_gate_opening_2,south_gate_opening_3","HL02,HL03,HL04,HL05,HL06",60,0e693ee9e0331cc0,d896860175be,v1-corr-skip-constant,2569904e,2989.240478515625,0.0
old__full__huber__f3,old,full,huber,3,best_mse,raw,41360.14453125,203.37193298339844,121.661865234375,0.7814331317820009,0.7836321218288037,0.7702603739927143,15,15,,3885.745361328125,85652.228125,19,5523,9,"Past10Min,Past1Hr,Now,north_gate_opening_1,north_gate_opening_2,north_gate_opening_3,south_gate_opening_1,south_gate_opening_2,south_gate_opening_3","HL02,HL03,HL04,HL05,HL06",60,0e693ee9e0331cc0,d896860175be,v1-corr-skip-constant,2569904e,2989.240478515625,-1283.6338972563465
old__full__huber__f3,old,full,huber,3,best_mse,anchored,1791.8636474609375,42.33041000366211,21.59052085876465,0.9886509028469289,0.9993983800507983,0.9701905115301591,15,15,,334.0797119140625,3071.741210937498,19,5523,9,"Past10Min,Past1Hr,Now,north_gate_opening_1,north_gate_opening_2,north_gate_opening_3,south_gate_opening_1,south_gate_opening_2,south_gate_opening_3","HL02,HL03,HL04,HL05,HL06",60,0e693ee9e0331cc0,d896860175be,v1-corr-skip-constant,2569904e,2989.240478515625,40.056222965683645
old__full__huber__f3,old,full,huber,3,best_mse,persistence,2989.240478515625,54.673946380615234,24.723085403442383,0.9804422419927034,0.9993983800507983,0.950319768891901,15,15,,93.80088806152344,6757.759179687499,19,5523,9,"Past10Min,Past1Hr,Now,north_gate_opening_1,north_gate_opening_2,north_gate_opening_3,south_gate_opening_1,south_gate_opening_2,south_gate_opening_3","HL02,HL03,HL04,HL05,HL06",60,0e693ee9e0331cc0,d896860175be,v1-corr-skip-constant,2569904e,2989.240478515625,0.0
